"業務分類","業務種別","タスク順","マトリクス横軸","ヒートマップグループ","ヒートマップステップ","タスク名","業務内容詳細","1件あたり所要時間_分_仮案","1件あたり所要時間_分_ヒアリング後","人手の負担_仮案","人手の負担_ヒアリング後","月間件数","現状課題","確認したいこと","クライアント回答","As-Isフロー更新内容_業務分類","備考"
"経理体制・帳簿管理","経理体制整備","1","担当者任命","承認・確認","承認・確認","経理担当者任命","理事長が会計責任者・出納職員・予算管理責任者・固定資産管理責任者を任命する。辞令や職務分掌規程に反映する。","30（仮）","","低","","","役割の重複・兼務が多い小規模法人では負担集中が起きやすい","質問: 任命手続きの記録（辞令・議事録）はどこで管理していますか / 回答例: 理事会議事録に記録し、職務分掌規程ファイルに綴じている 質問: 経理担当者の任命は実際には辞令等の文書で記録していますか。口頭・慣例のみになっていませんか / 回答例: 理事会議事録に記録しているが、辞令は発行していない","","",""
"経理体制・帳簿管理","経理体制整備","2","職務分掌確認","情報収集・照合","情報収集・照合","職務分掌範囲確認","会計責任者が出納職員を監督し、各サービス区分の担当範囲と権限委譲の境界を確認する。","20（仮）","","低","","","書面化されていない場合に口頭依存になりやすい","質問: 職務分掌は文書化されていますか。承認権限（金額上限等）は規程に明記されていますか / 回答例: 経理規程第3条に承認権限一覧を明記している 質問: 職務分掌規程と実際の担当が異なる場合（兼務等）の取り扱い・規程改定の手順を教えてください / 回答例: 兼務はやむを得ない場合のみ理事長承認とし、年度末に規程を見直す","","",""
"経理体制・帳簿管理","経理体制整備","3","監督体制確認","承認・確認","承認・確認","監督体制定期確認","会計責任者が出納職員の業務遂行状況を定期的に確認し、逸脱がないかチェックする。","30（仮）","","低","","","要確認","質問: 内部牽制のチェック頻度（月次・四半期等）と確認手順を教えてください / 回答例: 月次で試算表確認時に出納記録を照合している 質問: 内部牽制チェックで逸脱が見つかった場合の是正指示・記録の手順を教えてください / 回答例: 会計責任者が是正指示を文書で出し、対応結果を翌月のチェックで確認する","","",""
"経理体制・帳簿管理","帳簿・帳票管理","1","帳簿一覧整備","情報収集・照合","情報収集・照合","帳簿一覧整備","出納職員が仕訳日記帳・総勘定元帳・小口現金出納帳・固定資産管理台帳等の必要帳簿を一覧化し整備する。","30（仮）","","低","","","要確認","質問: 帳簿の整備・更新は年度初めのみですか。帳簿の追加・廃止の承認手順はありますか / 回答例: 年度初めに一括確認し、変更は会計責任者承認のうえ更新する 質問: 帳簿の整備・設定確認は実際には年度初めの一度だけですか。年度途中の科目追加など随時変更も発生していますか / 回答例: 年度初めに一括確認するが、補助金の新設等で年2〜3回は途中変更がある","","",""
"経理体制・帳簿管理","帳簿・帳票管理","2","会計システム設定確認","情報収集・照合","情報収集・照合","会計システム設定確認","出納職員が会計システムの勘定科目・サービス区分・帳票出力設定を確認し、年度設定を行う。","60（仮）","","中","","","設定変更時の確認作業が属人化している","質問: 会計システムの設定変更（科目追加・区分変更）はどのような手順で承認・反映しますか / 回答例: 担当者が変更案を作成し、会計責任者承認後にシステムへ反映する 質問: 会計システムの設定変更（科目追加・区分変更）の承認・反映手順を教えてください / 回答例: 担当者が変更案を作成し、会計責任者承認後にシステムへ反映する 質問: 設定変更が差戻しになった場合の修正・再承認の手順を教えてください / 回答例: 出納職員が変更案を修正し、会計責任者が再確認のうえ承認する","","",""
"経理体制・帳簿管理","帳簿・帳票管理","3","帳票出力確認","承認・確認","内容確認","帳票出力テスト確認","会計責任者が会計システムからの帳票出力内容（試算表・元帳等）に誤りがないか確認する。","30（仮）","","低","","","要確認","質問: 帳票出力に誤りが見つかった場合の設定修正の担当と手順を教えてください / 回答例: 出納職員が設定を修正し、会計責任者が再出力で確認する","","",""
"予算管理","当初予算編成","1","事業計画情報収集","情報収集・照合","情報収集・照合","事業計画情報収集","予算管理責任者が次年度事業計画・現場ヒアリング・承認済み社会福祉充実計画を収集し予算編成の基礎資料を整える。","120（仮）","","高","","","各部門からの情報収集に時間がかかり、漏れが生じやすい","質問: 各部門からの予算要求の提出方法（Excel・口頭等）と締め切り管理手順を教えてください / 回答例: 各部門がExcelの所定様式に記入し期日までに提出、未提出は予算管理責任者がリマインドする 質問: 予算要求が期限までに提出されない部門への督促・対応手順を教えてください / 回答例: 予算管理責任者が期限翌日にリマインドし、1週間遅延で理事長へ報告する","","",""
"予算管理","当初予算編成","2","予算案作成","計算・作成","計算・作成","資金収支予算案作成","予算管理責任者が勘定科目単位で収入予算・支出予算を積算し、法人全体またはサービス区分ごとに予算案を作成する。会計システムまたはExcelを使用。","180（仮）","","高","","","前年度データの参照と今年度変更点の反映に多くの手作業が発生する","質問: 前年度実績を予算案に引き継ぐ際の手順（コピー・入力等）と差額分析の方法を教えてください / 回答例: 会計システムから前年度試算表をCSVで出力しExcelに貼り付けて増減を手入力している 質問: 予算の積算は実際には会計システム上で行っていますか。Excelで積算してからシステムへ転記していますか / 回答例: Excelで積算し、確定後に会計システムへ手入力で転記している","","",""
"予算管理","当初予算編成","3","理事会承認","承認・確認","承認・確認","予算理事会承認","理事長が編成した予算案を理事会へ提出し承認を得て予算を確定する。議事録に承認記録を残す。","60（仮）","","中","","","要確認","質問: 理事会承認前に予算案の修正が入る頻度と、修正後の再提出手順を教えてください / 回答例: 修正要求があれば予算管理責任者が修正し、理事長確認後に再提出する 質問: 理事会で予算案が差戻しになった場合の修正・再上程の手順を教えてください / 回答例: 指摘事項を修正し、臨時理事会または書面決議で再承認を得る 質問: 理事会提出前に予算案の修正が入る場合の修正・再確認の手順を教えてください / 回答例: 修正要求があれば予算管理責任者が修正し、理事長確認後に再提出する","","",""
"予算管理","当初予算編成","4","予算確定登録","システム入力","システム入力","確定予算システム登録","予算管理責任者が承認済み予算を会計システムの予算管理機能へ入力する。","60（仮）","","中","","","会計システムへの入力が手作業で誤りが生じやすい","","","",""
"予算管理","補正予算管理","1","予算差異確認","情報収集・照合","情報収集・照合","予算執行差異確認","予算管理責任者が月次試算表と予算管理表を照合し、予算差異や変更事由を確認する。会計システムの予算対実績レポートを使用。","60（仮）","","中","","","差異の原因調査に手間がかかり、補正要否判断が遅れることがある","質問: 予算差異のしきい値（例: ±10%以上）や補正予算提出の判断基準は規程に定まっていますか / 回答例: 経理規程で予算額の10%以上の乖離が生じた場合に補正予算を検討する旨を定めている 質問: 補正予算を検討する乖離のしきい値（例: 予算額の±10%）や判断基準は規程に定まっていますか / 回答例: 経理規程で予算額の10%以上の乖離が生じた場合に補正予算を検討する旨を定めている 質問: 予算対実績の照合は実際には毎月行っていますか。四半期ごと等にまとめて確認していませんか / 回答例: 実際は四半期ごとに確認し、月次では大きな科目のみ見ている","","",""
"予算管理","補正予算管理","2","補正予算案作成","計算・作成","計算・作成","補正予算案作成","予算管理責任者が変更事由をもとに補正予算案を作成しExcelで整理する。","120（仮）","","高","","","要確認","","","",""
"予算管理","補正予算管理","3","理事会提出・承認","承認・確認","承認・確認","補正予算理事会承認","予算管理責任者が補正予算案を理事会へ提出し承認を得て確定する。","60（仮）","","中","","","要確認","質問: 補正予算の承認が次回理事会まで間に合わない支出が生じた場合、実際にはどのように執行していますか（理事長専決等） / 回答例: 理事長専決で先行執行し、直近の理事会で事後承認を得ている 質問: 補正予算が理事会で差戻しになった場合、または次回理事会まで承認が間に合わない場合の執行手順を教えてください / 回答例: 緊急時は理事長専決で先行執行し、直近の理事会で事後承認を得る","","",""
"収納事務","請求・収納","1","請求データ作成","計算・作成","計算・作成","請求データ作成","出納職員が補助金・利用料・サービス報酬などの請求データを請求システムで作成する。利用実績データを参照する。","30（仮）","","中","","","利用実績の突合作業が手動で発生する","質問: 請求データ作成の元データ（利用実績）はどのシステムから取得しますか。自動連携はありますか / 回答例: 利用実績システムからCSVで出力し請求システムへ手動で取り込んでいる 質問: 利用実績データは実際にはどのように請求システムへ反映していますか。自動連携ですか、CSV出力・手入力ですか / 回答例: 利用実績システムからCSVで出力し請求システムへ手動で取り込んでいる","","",""
"収納事務","請求・収納","2","請求内容確認","情報収集・照合","情報収集・照合","請求内容確認","出納職員が請求額・利用者負担・補助金等の内容を確認し、誤りがないかチェックする。","20（仮）","","中","","","確認項目が多く見落としが発生することがある","質問: 請求内容に誤りが見つかった場合の修正・再確認の手順を教えてください / 回答例: 出納職員が請求システム上で修正し、修正箇所を再確認してから発行する","","",""
"収納事務","請求・収納","3","請求書発行","計算・作成","文書・帳票作成","請求書発行・送付","出納職員が請求システムから請求書または請求書兼領収書を出力し、利用者・関係機関へ送付または手渡しする。","10（仮）","","低","","","要確認","質問: 請求書の送付方法（郵送・電子・手渡し）と受領確認の手順を教えてください / 回答例: 利用者へは手渡し、行政機関へは郵送または電子申請で提出する 質問: 請求書の発行前に出納職員以外の確認・承認は実際にはありますか / 回答例: 金額の大きい行政請求のみ会計責任者が発行前に確認している","","",""
"収納事務","請求・収納","4","入金確認","情報収集・照合","情報収集・照合","入金確認・照合","出納職員が銀行口座の入金を確認し、請求リストと照合して入金消込を行う。","20（仮）","","中","","","入金消込が手作業で漏れが生じやすい","質問: 入金消込の手順（システム照合か手作業か）と未入金時の対応フローを教えてください / 回答例: 通帳を見ながら請求リストに手入力で消込する。未入金は期日翌日に電話確認する 質問: 未入金が発生した場合の督促手順（連絡方法・タイミング・記録）を教えてください / 回答例: 期日翌日に電話確認し、督促記録を請求リストの備考に残す","","",""
"収納事務","現金収納","1","現金受領","情報収集・照合","受付・申請","現金受領・収納確認","出納職員が利用者または関係者から直接現金を受け取り、収納内容（金額・名目）を確認する。","5（仮）","","低","","","要確認","質問: 現金収納時の確認手順（二人立会い等）はありますか / 回答例: 出納職員と会計責任者の二人で金額を確認してから領収書を発行している 質問: 現金受領時は実際には二人立会い等の確認体制を取っていますか。出納職員一人で受領していますか / 回答例: 原則一人で受領し、金額の大きい場合のみ会計責任者が立ち会う 質問: 受領額が請求額と一致しない場合（過不足）の対応手順を教えてください / 回答例: その場で本人へ確認し、不足分は後日受領、過剰分は即時返金する","","",""
"収納事務","現金収納","2","領収書発行","計算・作成","文書・帳票作成","領収書発行","出納職員が福祉サービス利用者負担金収納時に領収書を発行し手渡しする。領収書控えを保管する。","5（仮）","","低","","","要確認","","","",""
"収納事務","現金収納","3","預入処理","システム入力","システム入力","収納現金預入","出納職員が収納した現金を経理規程の期日内に金融機関へ預け入れる。振込票・入金明細を取得する。","30（仮）","","低","","","預入タイミングが経理規程で定まっているが、件数が少ない日の手間が大きい","質問: 現金の預入は実際には何日ごとに行っていますか。経理規程の期日どおりに運用できていますか / 回答例: 規程上は翌営業日だが、実際は週2回まとめて預け入れている 質問: 現金の預入は実際には経理規程の期日どおりに行えていますか。週次等でまとめて預け入れていませんか / 回答例: 規程上は翌営業日だが、実際は週2回まとめて預け入れている","","",""
"収納事務","会計伝票作成","1","収納伝票入力","システム入力","システム入力","収納伝票会計入力","出納職員が入金確認後に会計システムで収納に係る会計伝票を作成・入力する。科目・金額・補助科目を確認してから登録する。","10（仮）","","中","","","手入力による転記ミスが発生しやすい","質問: 収納伝票の入力は入金の都度行っていますか。実際にはまとめて入力していますか / 回答例: 実際は週1回まとめて入力している 質問: 収納伝票の入力は実際には入金の都度行っていますか。週次等でまとめて入力していますか / 回答例: 実際は週1回まとめて入力している 質問: 伝票入力の誤りに気づいた場合の訂正手順（訂正伝票・上書き等）を教えてください / 回答例: 登録前は修正入力、登録後は赤伝票で訂正し履歴を残す 質問: 収納伝票の登録後に出納職員以外による承認・確認ステップは実際にはありますか / 回答例: 月次で会計責任者が仕訳日記帳を確認しており、伝票単位の承認はない","","",""
"収納事務","会計伝票作成","2","収納証憑保管","記録・報告","保管・管理","収納証憑整理・保管","出納職員が領収書控え・入金明細・会計伝票を整理して月別ファイルに保管する。","10（仮）","","低","","","紙証憑の保管・検索に手間がかかる","","","",""
"支払・契約事務","支払処理","1","購入・支払起案","情報収集・照合","受付・申請","購入・支払起案","契約担当者または担当者が物品購入や修繕工事の発注前に稟議書・購入依頼書を作成し、会計責任者へ起案する。","15（仮）","","中","","","起案書類の様式が統一されておらず確認に手間がかかる","質問: 購入・支払起案の承認フロー（金額別の承認者・決裁権限）を教えてください / 回答例: 5万円未満は会計責任者承認、5万円以上は理事長承認が必要 質問: 起案承認が却下された場合の差戻し先と修正後の再承認手順を教えてください / 回答例: 起案担当者へ差戻し、修正後に会計責任者が再承認する","","",""
"支払・契約事務","支払処理","2","請求書照合","情報収集・照合","情報収集・照合","請求書・証憑照合","出納職員が請求書・契約書・稟議書・購入依頼書・納品書等を照合し、金額・品目・支払先の一致を確認する。","20（仮）","","高","","","照合すべき書類が多く、目視確認では見落としが起きやすい","質問: 請求書と稟議書・納品書の内容が一致しない場合の確認先（担当者・取引先）と対応手順を教えてください / 回答例: 出納職員が担当者または取引先に問い合わせ、修正請求書または稟議書の差替えで対応する","","",""
"支払・契約事務","支払処理","3","支払承認","承認・確認","承認・確認","支払情報承認","会計責任者が担当者作成の支払情報を請求書と再照合して承認する。承認記録を支払一覧表に記録する。","10（仮）","","中","","","要確認","質問: 支払承認が却下された場合の差戻し先と修正後の再承認手順を教えてください / 回答例: 起案担当者へ差戻し、修正後に会計責任者が再承認する","","",""
"支払・契約事務","支払処理","4","振込実行","システム入力","システム入力","振込実行","出納職員が承認済み支払情報をもとに総合振込またはインターネットバンキングで支払を実行する。振込控えを取得する。","15（仮）","","中","","","振込情報入力は手作業で、ミスが発生するリスクがある","質問: 振込は実際には承認の都度実行していますか。月内の支払日にまとめて実行していますか / 回答例: 月2回の支払日にまとめて実行している","","",""
"支払・契約事務","支払処理","5","支払伝票入力","システム入力","システム入力","支払伝票会計入力","出納職員が振込実行後、会計システムで支払に係る会計伝票を作成・入力する。科目・金額・補助科目を確認してから登録する。","10（仮）","","中","","","手入力による転記ミスが発生しやすい","","","",""
"支払・契約事務","契約事務","1","契約種類確認","情報収集・照合","情報収集・照合","契約方式確認","契約担当者が契約金額・内容に応じた手続き（入札契約か随意契約か）を経理規程・契約規程に照らして確認する。","15（仮）","","中","","","契約方式の判断が属人的になりやすい","質問: 随意契約を選択する基準（金額上限・理由）は規程に明文化されていますか / 回答例: 少額随意契約の上限金額を契約規程に定めており、上限超過は理事長の承認が必要 質問: 随意契約を選択できる基準（金額上限等）は規程に明文化されていますか。基準超過時の手続は何ですか / 回答例: 少額随意契約の上限金額を契約規程に定めており、上限超過は理事長の承認が必要","","",""
"支払・契約事務","契約事務","2","見積徴取・比較","情報収集・照合","情報収集・照合","見積徴取・比較検討","契約担当者が随意契約で原則3社以上の見積を徴取し、金額・条件を比較検討する。見積書を保管する。","60（仮）","","高","","","複数社見積の取得と比較検討が手作業で負担が大きい","質問: 見積が3社集まらない場合の取り扱い（理由書作成・少数社での続行等）を教えてください / 回答例: 市場に業者が少ない場合は理由書を作成し会計責任者の承認を得て2社で進める 質問: 契約先の決定は実際には誰が承認していますか。金額により承認者が変わる運用になっていますか / 回答例: 実際は金額にかかわらず理事長が最終決裁している 質問: 契約先決定の承認者は誰ですか。金額により承認者（会計責任者・理事長）が変わりますか / 回答例: 100万円未満は会計責任者、100万円以上は理事長が決裁する","","",""
"支払・契約事務","契約事務","3","契約書作成","計算・作成","文書・帳票作成","契約書作成","契約担当者が契約先決定後、標準契約書または業者指定様式で契約書を作成し双方が署名・捺印する。","60（仮）","","高","","","契約書の条件確認や修正に時間がかかる","質問: 契約書の作成・修正は内製ですか、外部専門家（弁護士等）に依頼しますか / 回答例: 標準様式は内製、特殊条件は顧問弁護士に確認してから作成している","","",""
"支払・契約事務","契約事務","4","履行確認","情報収集・照合","情報収集・照合","契約履行確認","契約担当者が納品書・納品物・業務報告書等で契約内容の履行を確認し、支払依頼書を起案する。","20（仮）","","中","","","要確認","質問: 納品物が契約内容と異なる場合の対応（是正依頼・受領拒否・検収保留等）の手順を教えてください / 回答例: 契約担当者が業者へ是正を依頼し、再納品まで検収を保留する","","",""
"現金管理","小口現金支払","1","小口支払申請受付","情報収集・照合","受付・申請","小口支払申請受付","出納職員が小口現金から支払う申請（口頭・申請書）や領収書を受け付け、支払内容・金額・申請者を確認する。","5（仮）","","低","","","申請方法が口頭や紙と混在しており記録が不統一","質問: 小口支払の申請方法（口頭・紙・メール等）と承認者を教えてください / 回答例: 申請書に記入して出納職員へ提出し、事前に上長口頭承認を得る 質問: 小口支払の申請は実際には事前申請ですか。立替払い後の事後精算が発生していますか / 回答例: 少額は事後精算が多く、領収書持参で精算している","","",""
"現金管理","小口現金支払","2","証憑確認","情報収集・照合","情報収集・照合","小口支払証憑確認","出納職員が受け付けた領収書の内容（支払内容・金額・日付・宛名）と承認有無を確認する。","5（仮）","","低","","","承認印のない領収書が提出されることがある","質問: 領収書の確認基準（宛名・承認印等）は規程に定まっていますか。基準外の場合の差戻し手順は何ですか / 回答例: 宛名あり・承認印ありを必須とし、不備があれば申請者へ差戻す 質問: 小口支払の証憑確認基準（宛名・承認印等の必須要件）と不備時の差戻し手順を教えてください / 回答例: 宛名あり・承認印ありを必須とし、不備があれば申請者へ差戻して再提出を求める 質問: 小口現金で支払えない金額・内容だった場合の振替手順（通常の支払処理へ回す等）を教えてください / 回答例: 1万円超は支払処理（振込）へ回している","","",""
"現金管理","小口現金支払","3","小口現金出納帳記入","記録・報告","記録・報告","出納帳記入・保管","出納職員が小口現金出納帳に支払内容（日付・金額・科目・摘要）を記入し証憑を綴り込んで保管する。","5（仮）","","低","","","手書き記入で転記ミスが発生しやすい","","","",""
"現金管理","現金残高確認","1","現金実査","情報収集・照合","情報収集・照合","現金実査・照合","出納職員（または会計責任者）が金庫内現金を数え、小口現金出納帳・会計帳簿の残高と照合する。","15（仮）","","中","","","実査結果の記録が口頭や手書きメモのみで証跡が残りにくい","質問: 現金実査の頻度（日次・週次等）と立会者の要件を教えてください / 回答例: 毎月末日に出納職員と会計責任者が立会いのうえ実査し、実査表に記録する 質問: 現金実査は実際には誰が行い、立会者はいますか。実査結果は実査表等の書面に記録していますか / 回答例: 毎月末日に出納職員と会計責任者が立会いのうえ実査し、実査表に記録する 質問: 差異が軽微な場合（数十円等）でも全件調査・報告していますか。金額による省略基準はありますか / 回答例: 金額にかかわらず全件調査し、報告書を作成している","","",""
"現金管理","現金残高確認","2","差異調査・報告","記録・報告","記録・報告","現金差異調査・報告","残高差異がある場合に出納職員が原因を調査し、会計責任者へ差異報告書を提出する。","30（仮）","","中","","","差異原因の追跡に時間がかかる","","","",""
"人件費支払","給与支払","1","勤怠情報収集","情報収集・照合","情報収集・照合","勤怠情報収集・整理","出納職員が各部門から日報・勤怠記録を収集し、給与計算の元データ（出勤日数・残業時間・有休等）を整える。","60（仮）","","高","","","紙の勤怠記録の集計と転記に時間がかかり、ミスが生じやすい","質問: 勤怠記録の管理方法（紙・勤怠システム等）と、給与計算システムへの入力方法を教えてください / 回答例: 紙の出勤簿を集計しExcelに手入力後、給与計算システムへ転記している 質問: 勤怠記録の管理方法（紙・勤怠システム等）と、給与計算システムへのデータ入力方法を教えてください / 回答例: 紙の出勤簿を集計してExcelに手入力後、給与計算システムへ転記している","","",""
"人件費支払","給与支払","2","給与計算入力","システム入力","システム入力","給与計算システム入力","出納職員が給与計算システムに勤怠・手当・控除情報を入力し、給与額を算出する。","60（仮）","","高","","","手当・控除情報の入力に誤りが生じやすく修正が多い","","","",""
"人件費支払","給与支払","3","給与計算データ承認","承認・確認","承認・確認","給与計算データ承認","会計責任者が給与計算データの内容（金額・人数・控除額等）を確認・承認する。","30（仮）","","中","","","確認の観点が属人的で見落としが起きやすい","質問: 給与計算承認時のチェック項目（前月比較・社会保険額確認等）は決まっていますか / 回答例: 前月比で増減5%以上の項目を重点確認し、計算明細書と突合している 質問: 給与計算承認時のチェック項目と差戻し時の修正手順を教えてください / 回答例: 前月比で増減5%以上の項目を重点確認し、差異がある場合は出納職員へ差戻して修正後に再承認する 質問: 給与計算承認時のチェック項目（前月比較・社会保険額確認等）と、差戻し時の修正手順を教えてください / 回答例: 前月比で増減5%以上の項目を重点確認し計算明細と突合。差異がある場合は出納職員へ差戻して修正後に再承認する","","",""
"人件費支払","給与支払","4","給与振込","システム入力","システム入力","給与振込実行","出納職員が承認済み給与データをもとにインターネットバンキングで給与振込を実行する。振込控えを取得する。","20（仮）","","中","","","要確認","質問: 給与振込の実行前に振込データを承認者が再確認するステップは実際にはありますか / 回答例: 承認済みデータをそのまま出納職員が送信しており、送信前の再確認はない","","",""
"人件費支払","給与支払","5","給与仕訳入力","システム入力","システム入力","給与仕訳会計入力","出納職員が給与支払時の会計仕訳（支払給与・社会保険料・源泉徴収等）を会計システムに入力する。","20（仮）","","中","","","科目の入力誤りが月次試算表に影響する","","","",""
"人件費支払","賞与支給","1","賞与支給額計算","計算・作成","計算・作成","賞与支給額計算","出納職員が決定済みの支給基準（支給月数等）に基づき賞与支給金額を計算する。","30（仮）","","中","","","要確認","質問: 賞与支給額の計算根拠（基準月数・個人評価反映等）はどのように決定されますか / 回答例: 理事長が支給月数を決定し、出納職員が給与計算システムで計算する 質問: 賞与支給額の計算根拠（基準月数・個人評価反映等）はどのように決定・伝達されますか / 回答例: 理事長が支給月数を決定し、出納職員が給与計算システムで計算する 質問: 賞与計算結果の確認・承認は誰がどのように行っていますか。差戻し時の再計算手順も教えてください / 回答例: 会計責任者が計算表を確認し、誤りがあれば出納職員が再計算して再提出する","","",""
"人件費支払","賞与支給","2","賞与データ入力","システム入力","システム入力","賞与データシステム入力","出納職員が計算した賞与支給額を給与計算システムへ入力し、支給データを確定する。","30（仮）","","中","","","要確認","質問: 賞与の振込は給与振込と同じ手順ですか。実際には支給前に別途承認を取っていますか / 回答例: 給与と同様にインターネットバンキングで振込し、支給前に理事長の承認を得ている 質問: 賞与の振込は実際には給与振込と同じ手順（インターネットバンキング等）ですか。支給前に理事長等の承認を別途取っていますか / 回答例: 給与と同様にインターネットバンキングで振込し、支給前に理事長の承認を得ている","","",""
"人件費支払","年末調整","1","申告書収集・確認","情報収集・照合","情報収集・照合","年末調整申告書収集・確認","出納職員が職員から扶養控除等申告書・保険料控除申告書等を収集し、記載内容と添付資料を確認する。","60（仮）","","高","","","収集書類の確認・不備対応に時間がかかる","質問: 年末調整申告書の収集方法と、不備があった場合の差戻し手順を教えてください / 回答例: 紙の申告書を職員が記入・提出し、不備は出納職員が本人へ直接差戻す 質問: 申告書の回収は実際には紙ですか。年末調整システム・電子申請を使っていますか / 回答例: 全員分を紙で回収し、出納職員がシステムへ手入力している 質問: 申告書に不備があった場合の差戻し方法（本人へ直接・部門経由等）を教えてください / 回答例: 紙の申告書を職員が記入・提出し、不備は出納職員が本人へ直接差戻す 質問: 申告書が期限までに提出されない職員への督促手順と、最終的に未提出の場合の取り扱いを教えてください / 回答例: 出納職員が個別に督促し、未提出者は扶養控除のみで計算して確定申告を案内する","","",""
"人件費支払","年末調整","2","年末調整計算","計算・作成","計算・作成","年末調整計算・精算","出納職員が給与計算システムで年末調整計算を行い、過不足額を精算する。","60（仮）","","高","","","要確認","","","",""
"人件費支払","社会保険・源泉","1","源泉徴収事務","計算・作成","計算・作成","源泉徴収税額計算・納付","出納職員が毎月の源泉徴収税額を確認し、所轄税務署へ電子申告または書面で納付する。","30（仮）","","中","","","特別徴収税額の変更通知への対応が手間","質問: 源泉所得税の納付は毎月納付ですか納期特例ですか。納付期限の管理は実際には誰が行っていますか / 回答例: 納期特例で年2回納付し、出納職員が期限を管理している 質問: 源泉所得税の納付は実際には毎月納付ですか、納期特例（年2回）ですか。期限管理は誰が行っていますか / 回答例: 納期特例で年2回納付し、出納職員が期限を管理している 質問: 源泉所得税の納付期限の管理方法と、期限を過ぎそうな場合・過ぎた場合の対応を教えてください / 回答例: 出納職員がカレンダーで管理し、遅延時は会計責任者へ報告のうえ至急納付する","","",""
"人件費支払","社会保険・源泉","2","社会保険届出作成","計算・作成","文書・帳票作成","社会保険届出書作成","出納職員が算定基礎届・賞与支払届・入退職届等を作成する。給与計算システムのデータを参照して作成する。","60（仮）","","高","","","届出書類の記載ミスが是正指示につながることがある","質問: 社会保険届出書の作成は給与計算システムから自動出力できますか。手入力している部分はありますか / 回答例: 算定基礎届は給与計算システムから出力。住所や氏名は手入力している 質問: 届出書の記載ミスや提出後の是正指示があった場合の訂正手順を教えてください / 回答例: 訂正届を作成し、出納職員が窓口または電子申請で再提出する 質問: 届出書の作成は実際には給与計算システムから自動出力できていますか。手入力している項目はどれですか / 回答例: 算定基礎届は給与計算システムから出力。住所や氏名は手入力している","","",""
"人件費支払","社会保険・源泉","3","届出提出","記録・報告","記録・報告","社会保険届出提出","出納職員が作成した届出書類を社会保険事務所・ハローワーク等へ電子申請または郵送で提出する。提出控えを保管する。","30（仮）","","中","","","電子申請システムへの操作が複雑で時間がかかる","","","",""
"資産・負債管理","債権債務管理","1","残高内訳調査","情報収集・照合","情報収集・照合","債権債務残高内訳調査","出納職員が毎月末日の未収金・未払金等の残高内訳を会計システムから抽出し調査する。","30（仮）","","中","","","未収金の長期滞留が見落とされやすい","質問: 残高内訳調査の結果はどのような形式で会計責任者に報告していますか / 回答例: Excelの残高内訳表にまとめて月次報告時に提出している 質問: 長期滞留と判断する基準（経過月数等）と、滞留時に残高確認へ進む判断基準を教えてください / 回答例: 3か月以上未回収の未収金は取引先へ残高確認書を送付する 質問: 残高内訳調査は実際には毎月末に行っていますか。決算期のみ詳細に調査する運用になっていませんか / 回答例: 毎月は金額確認のみで、詳細な内訳調査は四半期ごとに行っている","","",""
"資産・負債管理","債権債務管理","2","取引先残高確認","情報収集・照合","情報収集・照合","取引先残高照合","出納職員が必要に応じて取引先との残高確認書を送付・回収し、差異の有無を調査する。","60（仮）","","高","","","取引先からの返信が遅く差異確認に時間がかかる","","","",""
"資産・負債管理","債権債務管理","3","差異報告・措置","記録・報告","記録・報告","残高差異報告・対応","会計責任者が残高差異や不明残高について理事長へ報告し、必要な措置（回収・修正・貸倒処理等）を行う。","30（仮）","","中","","","要確認","質問: 不明残高が発生した場合の対応フロー（誰が何を確認し、どのような措置を行うか）を教えてください / 回答例: 会計責任者が原因を調査し、理事長承認のうえで貸倒引当金計上または督促を実施する 質問: 不明残高・回収不能債権の措置（貸倒処理等）は誰の承認で実行しますか / 回答例: 会計責任者が原因を調査し、理事長承認のうえで貸倒引当金計上または督促を実施する","","",""
"資産・負債管理","実地棚卸","1","棚卸表整備・配布","計算・作成","文書・帳票作成","棚卸表整備・配布","出納職員が棚卸方法を各部門に周知し、棚卸表を担当職員に配布する。","30（仮）","","低","","","棚卸表の様式が標準化されていない場合がある","","","",""
"資産・負債管理","実地棚卸","2","実地棚卸実施","情報収集・照合","情報収集・照合","実地棚卸実施","担当職員が棚卸表に品名・品番・数量を記入する。帳簿にない棚卸資産も報告する。","120（仮）","","高","","","棚卸期間中の業務負担が大きく、抜け漏れが発生しやすい","質問: 実地棚卸は実際には誰が実施していますか。担当職員のみで役職者の立会いなしで行うことはありますか / 回答例: 各部門の担当職員が実施し、出納職員が抜き取りで立会う 質問: 実地棚卸は実際には誰が実施していますか。担当職員のみで役職者の立会いなしに行うことはありますか / 回答例: 各部門の担当職員が実施し、出納職員が抜き取りで立会う 質問: 帳簿にない棚卸資産が見つかった場合の登録・評価の手順を教えてください / 回答例: 取得経緯を調査し、評価額を見積もって会計責任者承認のうえ帳簿へ計上する","","",""
"資産・負債管理","実地棚卸","3","棚卸表集計・承認","承認・確認","承認・確認","棚卸表集計・承認","出納職員が棚卸表を回収・集計し、会計責任者の承認を得て棚卸差異を会計システムへ反映する。","60（仮）","","高","","","集計・差異確認が手作業で時間がかかる","質問: 棚卸差異（帳簿と現物の不一致）が発生した場合の対応フローを教えてください / 回答例: 差異原因を調査し、会計責任者承認のうえ棚卸減耗損として計上する 質問: 棚卸差異（帳簿と現物の不一致）が発生した場合の調査・処理の手順を教えてください / 回答例: 差異原因を調査し、会計責任者承認のうえ棚卸減耗損として計上する","","",""
"資産・負債管理","固定資産管理","1","固定資産台帳登録","システム入力","システム入力","固定資産台帳登録","固定資産管理責任者が取得した固定資産（取得価額・耐用年数・部門・使用場所等）を固定資産管理台帳へ登録する。","30（仮）","","中","","","台帳登録の漏れや誤りが年度末の現物確認で発覚することがある","質問: 固定資産台帳はシステム管理ですかExcel管理ですか。会計システムと連携していますか / 回答例: Excel管理で、会計システムの減価償却データとは別管理。年度末に突合している 質問: 固定資産台帳は実際にはシステム管理ですかExcel管理ですか。会計システムの減価償却データと連携していますか / 回答例: Excel管理で、会計システムの減価償却データとは別管理。年度末に突合している 質問: 台帳登録の内容は誰かが二次確認していますか。登録誤りが見つかった場合の修正手順を教えてください / 回答例: 登録は責任者のみで行い二次確認はない。誤りは発見時に修正し会計責任者へ報告する","","",""
"資産・負債管理","固定資産管理","2","固定資産現物確認","情報収集・照合","情報収集・照合","固定資産現物確認","固定資産管理責任者が年度末に固定資産管理台帳と現物の存在・使用状況を確認する。","120（仮）","","高","","","保有資産数が多い場合に確認作業が大きな負担になる","質問: 現物確認で台帳にない資産や所在不明の資産が見つかった場合の対応手順を教えてください / 回答例: 固定資産管理責任者が原因を調査し、会計責任者承認のうえ台帳修正または除却処理する","","",""
"資産・負債管理","固定資産管理","3","除却承認・台帳更新","承認・確認","承認・確認","除却承認・台帳更新","固定資産管理責任者が廃棄・売却時に所定の承認（会計責任者・理事長）を得て、固定資産管理台帳の除却記録を更新する。","30（仮）","","中","","","除却手続きが後回しになり台帳との乖離が生じることがある","質問: 除却・売却の承認は金額・資産種別により承認者（会計責任者・理事長・理事会）が変わりますか / 回答例: 基本財産は理事会承認、その他は理事長承認としている","","",""
"決算・報告","月次報告","1","現預金残高確認","情報収集・照合","情報収集・照合","現預金残高確認","出納職員が現金・預金・仮払金・仮受金など月次処理に必要な残高を確認し、会計システムとの一致を確認する。","30（仮）","","中","","","勘定残高と実残高の突合が手作業で漏れが生じやすい","質問: 預金残高の照合は実際には通帳記帳とシステム残高の手作業突合ですか。インターネットバンキングの明細を利用していますか / 回答例: 通帳を記帳しシステム残高と手作業で突合している 質問: 現預金残高が一致しない場合の調査・修正は誰がどの期限までに行いますか / 回答例: 出納職員が当日中に調査し、判明しない場合は会計責任者へ報告する 質問: 現預金残高が不一致の場合の調査手順と会計責任者への報告ルールを教えてください / 回答例: 出納職員が入出金明細を再確認し、差異の原因を特定してから会計責任者へ報告する","","",""
"決算・報告","月次報告","2","月次試算表作成","計算・作成","計算・作成","月次試算表作成","出納職員が会計システムで月次試算表を出力し、内容の誤りや計上漏れがないか確認する。","30（仮）","","中","","","試算表の確認観点が標準化されておらず、見落としが発生することがある","","","",""
"決算・報告","月次報告","3","月次報告","記録・報告","記録・報告","月次報告書作成・提出","会計責任者が経理規程で定めた期日までに月次試算表と報告コメントをとりまとめ理事長へ月次報告する。","60（仮）","","高","","","報告コメントの作成に時間がかかり、標準化されていない","質問: 月次報告の報告コメント（重要事項・差異説明等）の作成基準はありますか / 回答例: 前月比で5%以上変動した科目に理由コメントを付ける運用を行っている 質問: 月次報告書の報告コメントの作成基準（どの科目に何を書くか）はありますか / 回答例: 前月比で5%以上変動した科目に理由コメントを付ける運用を行っている","","",""
"決算・報告","年次決算","1","決算整理仕訳作成","計算・作成","計算・作成","決算整理仕訳作成","出納職員が未収・未払・棚卸・減価償却・引当金・見越繰延などの決算整理仕訳を作成する。前期の仕訳を参照しExcelで下書きを作成する。","180（仮）","","高","","","決算整理仕訳の種類が多く、作成漏れや計算誤りが生じやすい","質問: 決算整理仕訳の作成にあたり参照する書類・データと、会計責任者によるレビューの手順を教えてください / 回答例: 前期仕訳・減価償却計算表・保険証書等を参照し、会計責任者が仕訳リストを確認後にシステムへ入力する 質問: 決算整理仕訳のレビュー・差戻しの手順と修正後の再確認フローを教えてください / 回答例: 会計責任者がコメントを記入して出納職員へ差戻し、修正後に再提出・再確認する 質問: 決算整理仕訳の下書きは実際には前期仕訳の流用ですか。チェックリスト等で網羅性を確認していますか / 回答例: 前期仕訳一覧をコピーして当期分を作っており、チェックリストはない 質問: 決算整理仕訳のレビュー・差戻し手順と、修正後の再確認の流れを教えてください / 回答例: 会計責任者がコメントを記入して出納職員へ差戻し、修正後に再提出・再確認する","","",""
"決算・報告","年次決算","2","決算整理仕訳入力","システム入力","システム入力","決算整理仕訳入力","出納職員が承認済み決算整理仕訳を会計システムへ入力する。","60（仮）","","中","","","大量仕訳の手入力で時間がかかる","","","",""
"決算・報告","年次決算","3","計算書類作成","計算・作成","文書・帳票作成","計算書類作成","出納職員が会計システムから貸借対照表・資金収支計算書・事業活動計算書・注記・附属明細書等を出力し、体裁を整えて完成させる。","180（仮）","","高","","","計算書類の体裁整備に時間がかかり、過去書類との比較確認が手作業","","","",""
"決算・報告","税務申告","1","申告要否確認","情報収集・照合","情報収集・照合","申告要否確認","出納職員が収益事業の有無・消費税課税の該当状況を確認し、申告の要否を判定する。","30（仮）","","中","","","要確認","質問: 収益事業・消費税課税の該当判定は実際には誰がいつ行っていますか / 回答例: 決算時に顧問税理士へ確認し、会計責任者が判定結果を記録している 質問: 収益事業・消費税課税の該当判定は実際には誰がいつ行っていますか。税理士へ確認していますか / 回答例: 決算時に顧問税理士へ確認し、会計責任者が判定結果を記録している","","",""
"決算・報告","税務申告","2","申告書作成","計算・作成","文書・帳票作成","法人税等申告書作成","出納職員（または顧問税理士）が法人税・消費税の申告書を計算書類・会計データをもとに作成する。","120（仮）","","高","","","要確認","質問: 法人税・消費税の申告書作成は内製ですか外部（税理士等）に委託していますか / 回答例: 収益事業がある場合は顧問税理士に委託している 質問: 申告書の内容は法人側で誰が最終確認していますか。修正が必要な場合の税理士とのやり取りの手順も教えてください / 回答例: 会計責任者が税額と事業区分を確認し、疑義は税理士へ照会して修正してもらう","","",""
"決算・報告","税務申告","3","申告・納税","記録・報告","記録・報告","申告・納税手続","出納職員が完成した申告書を税務署へ提出（電子申告等）し、納税を実行する。申告控えを保管する。","60（仮）","","中","","","要確認","質問: 納税の方法（電子納税・窓口）と納付期限の管理方法を教えてください / 回答例: ダイレクト納付を利用し、出納職員が申告期限と合わせて管理している","","",""
